Name,Avg Run Time (s),Format Time (s),Total Time (s),GFLOPS,Verification,Iters,Block Row,Block Col,Threads,FOP Count,Rows,Cols,NNZ,Max Cols,Avg Cols,Variance,Std Deviation
csr_omp -t 1024x8,0.008059,0.020196,0.028255,2.081792,3072,1,1,1,1,16777216,1024,1024,8192,8,8,0,0
csr_omp -t 1024x8,0.005183,0.018383,0.023566,3.236982,3072,1,1,1,2,16777216,1024,1024,8192,8,8,0,0
csr_omp -t 1024x8,0.005989,0.020734,0.026723,2.801415,3072,1,1,1,4,16777216,1024,1024,8192,8,8,0,0
csr_omp -t 1024x8,0.005230,0.015963,0.021193,3.207911,3072,1,1,1,8,16777216,1024,1024,8192,8,8,0,0
csr_omp -t 1024x8,0.005118,0.021351,0.026469,3.278149,3072,1,1,1,16,16777216,1024,1024,8192,8,8,0,0
csr_omp -t 1024x8,0.013819,0.022817,0.036636,1.214071,3072,1,1,1,32,16777216,1024,1024,8192,8,8,0,0
csr_omp_gpu,0.092308,0.014312,0.106620,0.181752,3072,1,1,1,-1,16777216,1024,1024,8192,8,8,0,0
bcsr_omp 1 x 1 -t 1,0.005410,0.069303,0.074713,3.092089,28672,1,1,1,1,16728064,1024,1024,8192,8,8,0,0
bcsr_omp 1 x 1 -t 2,0.005384,0.074208,0.079592,3.107014,28672,1,1,1,2,16728064,1024,1024,8192,8,8,0,0
bcsr_omp 1 x 1 -t 4,0.005291,0.097316,0.102607,3.161616,28672,1,1,1,4,16728064,1024,1024,8192,8,8,0,0
bcsr_omp 1 x 1 -t 8,0.004823,0.098915,0.103738,3.468416,28672,1,1,1,8,16728064,1024,1024,8192,8,8,0,0
bcsr_omp 1 x 1 -t 16,0.005131,0.096796,0.101927,3.260192,28672,1,1,1,16,16728064,1024,1024,8192,8,8,0,0
bcsr_omp 1 x 1 -t 32,0.013927,0.093183,0.107110,1.201126,28672,1,1,1,32,16728064,1024,1024,8192,8,8,0,0
bcsr_omp 2 x 2 -t 1,0.011469,0.093121,0.104590,5.776385,28672,1,2,2,1,66248704,1024,1024,8192,8,8,0,0
bcsr_omp 2 x 2 -t 2,0.010929,0.072485,0.083414,6.061675,28672,1,2,2,2,66248704,1024,1024,8192,8,8,0,0
bcsr_omp 2 x 2 -t 4,0.008036,0.097893,0.105929,8.244094,28672,1,2,2,4,66248704,1024,1024,8192,8,8,0,0
bcsr_omp 2 x 2 -t 8,0.006541,0.063535,0.070076,10.128201,28672,1,2,2,8,66248704,1024,1024,8192,8,8,0,0
bcsr_omp 2 x 2 -t 16,0.005751,0.098709,0.104460,11.519244,28672,1,2,2,16,66248704,1024,1024,8192,8,8,0,0
bcsr_omp 2 x 2 -t 32,0.025440,0.065068,0.090508,2.604118,28672,1,2,2,32,66248704,1024,1024,8192,8,8,0,0
bcsr_omp 4 x 4 -t 1,0.038145,0.073140,0.111285,6.638633,28672,1,4,4,1,253231104,1024,1024,8192,8,8,0,0
bcsr_omp 4 x 4 -t 2,0.021548,0.076402,0.097950,11.751936,28672,1,4,4,2,253231104,1024,1024,8192,8,8,0,0
bcsr_omp 4 x 4 -t 4,0.017514,0.111349,0.128863,14.458790,28672,1,4,4,4,253231104,1024,1024,8192,8,8,0,0
bcsr_omp 4 x 4 -t 8,0.012109,0.107695,0.119804,20.912564,28672,1,4,4,8,253231104,1024,1024,8192,8,8,0,0
bcsr_omp 4 x 4 -t 16,0.008452,0.071812,0.080264,29.961304,28672,1,4,4,16,253231104,1024,1024,8192,8,8,0,0
bcsr_omp 4 x 4 -t 32,0.015117,0.106669,0.121786,16.751490,28672,1,4,4,32,253231104,1024,1024,8192,8,8,0,0
bcsr_omp 8 x 8 -t 1,0.098445,0.081226,0.179671,8.604996,28672,1,8,8,1,847118336,1024,1024,8192,8,8,0,0
bcsr_omp 8 x 8 -t 2,0.053719,0.081503,0.135222,15.769423,28672,1,8,8,2,847118336,1024,1024,8192,8,8,0,0
bcsr_omp 8 x 8 -t 4,0.032776,0.119646,0.152422,25.845786,28672,1,8,8,4,847118336,1024,1024,8192,8,8,0,0
bcsr_omp 8 x 8 -t 8,0.020908,0.077182,0.098090,40.516704,28672,1,8,8,8,847118336,1024,1024,8192,8,8,0,0
bcsr_omp 8 x 8 -t 16,0.017547,0.116398,0.133945,48.277400,28672,1,8,8,16,847118336,1024,1024,8192,8,8,0,0
bcsr_omp 8 x 8 -t 32,0.024031,0.079040,0.103071,35.251176,28672,1,8,8,32,847118336,1024,1024,8192,8,8,0,0
bcsr_omp 16 x 16 -t 1,0.206488,0.090975,0.297463,9.122892,28672,1,16,16,1,1883766784,1024,1024,8192,8,8,0,0
bcsr_omp 16 x 16 -t 2,0.106441,0.092310,0.198751,17.697752,28672,1,16,16,2,1883766784,1024,1024,8192,8,8,0,0
bcsr_omp 16 x 16 -t 4,0.060265,0.133223,0.193488,31.258023,28672,1,16,16,4,1883766784,1024,1024,8192,8,8,0,0
bcsr_omp 16 x 16 -t 8,0.036271,0.133566,0.169837,51.935757,28672,1,16,16,8,1883766784,1024,1024,8192,8,8,0,0
bcsr_omp 16 x 16 -t 16,0.022758,0.089273,0.112031,82.773803,28672,1,16,16,16,1883766784,1024,1024,8192,8,8,0,0
bcsr_omp 16 x 16 -t 32,0.025794,0.090198,0.115992,73.031118,28672,1,16,16,32,1883766784,1024,1024,8192,8,8,0,0
bcsr_omp 32 x 32 -t 1,0.231480,0.082549,0.314029,9.277184,28672,1,32,32,1,2147483648,1024,1024,8192,8,8,0,0
bcsr_omp 32 x 32 -t 2,0.121469,0.085040,0.206509,17.679270,28672,1,32,32,2,2147483648,1024,1024,8192,8,8,0,0
bcsr_omp 32 x 32 -t 4,0.065856,0.088276,0.154132,32.608787,28672,1,32,32,4,2147483648,1024,1024,8192,8,8,0,0
bcsr_omp 32 x 32 -t 8,0.038668,0.086672,0.125340,55.536574,28672,1,32,32,8,2147483648,1024,1024,8192,8,8,0,0
bcsr_omp 32 x 32 -t 16,0.025902,0.109997,0.135899,82.907919,28672,1,32,32,16,2147483648,1024,1024,8192,8,8,0,0
bcsr_omp 32 x 32 -t 32,0.019528,0.082113,0.101641,109.969956,28672,1,32,32,32,2147483648,1024,1024,8192,8,8,0,0
bcsr_omp_gpu 1 x 1,0.091314,0.065791,0.157105,0.183193,28672,1,1,1,-1,16728064,1024,1024,8192,8,8,0,0
bcsr_omp_gpu 2 x 2,0.133687,0.094554,0.228241,0.495551,28672,1,2,2,-1,66248704,1024,1024,8192,8,8,0,0
bcsr_omp_gpu 4 x 4,0.282132,0.071338,0.353470,0.897563,28672,1,4,4,-1,253231104,1024,1024,8192,8,8,0,0
bcsr_omp_gpu 8 x 8,1.421041,0.079565,1.500606,0.596125,28672,1,8,8,-1,847118336,1024,1024,8192,8,8,0,0
bcsr_omp_gpu 16 x 16,3.684340,0.130734,3.815074,0.511290,28672,1,16,16,-1,1883766784,1024,1024,8192,8,8,0,0
bcsr_omp_gpu 32 x 32,6.262470,0.125119,6.387589,0.342913,28672,1,32,32,-1,2147483648,1024,1024,8192,8,8,0,0
