Name,-O,FLOPS,MFLOPS,GFLOPS,FOP Count,Avg Run Time (s),Format Time (s),Total Time (s),Verification,Iters,Block Row,Block Col,K-Bound,Threads,Rows,Cols,NNZ,NNZ*2,Max Cols,Avg Cols,Col Ratio,Variance,Std Deviation
BCSR GPU,O2,6214966554.927843,6214.966555,6.214967,439624,0.004196,0.300140,0.304336,16,10,2,2,16,-1,10974,10974,219812,439624,108,20,5.000000,79,8
BCSR GPU,O2,2999471746.471053,2999.471746,2.999472,439624,0.001312,0.234394,0.235706,16,10,4,4,16,-1,10974,10974,219812,439624,108,20,5.000000,79,8
BCSR GPU,O2,1418477774.324535,1418.477774,1.418478,439624,0.002040,0.248006,0.250046,16,10,16,16,16,-1,10974,10974,219812,439624,108,20,5.000000,79,8
BCSR GPU,O2,1906642655.868287,1906.642656,1.906643,439624,0.001734,0.232506,0.234240,64,10,2,2,64,-1,10974,10974,219812,439624,108,20,5.000000,79,8
BCSR GPU,O2,1422560946.983844,1422.560947,1.422561,439624,0.002088,0.233833,0.235921,64,10,4,4,64,-1,10974,10974,219812,439624,108,20,5.000000,79,8
BCSR GPU,O2,494462025.373353,494.462025,0.494462,439624,0.003410,0.248488,0.251898,64,10,16,16,64,-1,10974,10974,219812,439624,108,20,5.000000,79,8
BCSR GPU,O2,591289986.771738,591.289987,0.591290,439624,0.002585,0.232442,0.235027,128,10,2,2,128,-1,10974,10974,219812,439624,108,20,5.000000,79,8
BCSR GPU,O2,950946151.454116,950.946151,0.950946,439624,0.002040,0.233711,0.235751,128,10,4,4,128,-1,10974,10974,219812,439624,108,20,5.000000,79,8
BCSR GPU,O2,363184763.904413,363.184764,0.363185,439624,0.004317,0.247236,0.251553,128,10,16,16,128,-1,10974,10974,219812,439624,108,20,5.000000,79,8
